1000/03 Inventarisnummer,Rechtenverklaring object,Rechtenverklaring data,Persistente URI,Kunstenaarsnaam_NL_VerbeterdeVersie,1000/04 Titel_NL,1000/06 Soort - Verwoording,1000/07 AfmetingenNL,1000/08 Materialen en technieken - Verwoording,2000/01 Datum,2000/02 Toewijzing - Verwoording,2000/04 Achternaam_NL,2000/04 Achternaam 3,2000/04 Achternaam 4,2000/05 Voornaam,2000/08 Geboortedatum,2000/09 Datum overlijden,2000/13 Opmerking toewijzing,2300/02 Terminus ante quem,2300/03 Terminus post quem
10885,https://creativecommons.org/publicdomain/mark/1.0,https://creativecommons.org/publicdomain/zero/1.0/,http://www.fine-arts-museum.be/collection/work/ID/10885,Frankrijk?,Gekruisigde Christus,statuette,"30,7 x 8,5 x 5,5","hout, hout (notenhout), verf",,?,Frankrijk,,,,1501,1520,,1501,1520
10884,https://creativecommons.org/publicdomain/mark/1.0,https://creativecommons.org/publicdomain/zero/1.0/,http://www.fine-arts-museum.be/collection/work/ID/10884,"Zuid-Nederlandse school, Antwerpen",De graflegging,retabel (deel van),"24 x 44 x 8,7","hout, hout (eik)",,,"Zuid-Nederlandse school, Antwerpen",,,,,,,1520,1525
10890,https://creativecommons.org/publicdomain/mark/1.0,https://creativecommons.org/publicdomain/zero/1.0/,http://www.fine-arts-museum.be/collection/work/ID/10890,Zuidelijke Nederlanden,Lavaboketel,gebruiksvoorwerp,Hoogte : 18,"metaal, brons",,,Zuidelijke Nederlanden,,,,,,,1401,1500
,https://creativecommons.org/publicdomain/mark/1.0,https://creativecommons.org/publicdomain/zero/1.0/,,,,,,,,,,,,,,,,,
10891,https://creativecommons.org/publicdomain/mark/1.0,https://creativecommons.org/publicdomain/zero/1.0/,http://www.fine-arts-museum.be/collection/work/ID/10891,Zuidelijke Nederlanden?,Grapen,gebruiksvoorwerp,Hoogte : 27 ,,,,,,,,,,,,
10892,https://creativecommons.org/publicdomain/mark/1.0,https://creativecommons.org/publicdomain/zero/1.0/,http://www.fine-arts-museum.be/collection/work/ID/10892,Frankrijk,Ketel,gebruiksvoorwerp,"Hoogte : 19,5","metaal, brons",,,,,,,,,,,
10893,https://creativecommons.org/publicdomain/mark/1.0,https://creativecommons.org/publicdomain/zero/1.0/,http://www.fine-arts-museum.be/collection/work/ID/10893,Zuidelijke Nederlanden,Vijzel,gebruiksvoorwerp,"Hoogte : 20,5","metaal, brons",,,Zuidelijke Nederlanden,,,,,,,1551,1600
,https://creativecommons.org/publicdomain/mark/1.0,https://creativecommons.org/publicdomain/zero/1.0/,,,,,,,,,,,,,,,,,
10896,https://creativecommons.org/publicdomain/mark/1.0,https://creativecommons.org/publicdomain/zero/1.0/,http://www.fine-arts-museum.be/collection/work/ID/10896,Zuidelijke Nederlanden,Pinkandelaar met drie lichtarmen,gebruiksvoorwerp,"Hoogte : 43,5","metaal, messing",,,Zuidelijke Nederlanden,,,,,,,1401,1500
,https://creativecommons.org/publicdomain/mark/1.0,https://creativecommons.org/publicdomain/zero/1.0/,,,,,,,,,,,,,,,,,
10897,https://creativecommons.org/publicdomain/mark/1.0,https://creativecommons.org/publicdomain/zero/1.0/,http://www.fine-arts-museum.be/collection/work/ID/10897,Zuidelijke Nederlanden,Huiskandelaar,gebruiksvoorwerp,"Hoogte : 20,7","metaal, brons",,,Zuidelijke Nederlanden,,,,,,,1401,1500
,https://creativecommons.org/publicdomain/mark/1.0,https://creativecommons.org/publicdomain/zero/1.0/,,,,,,,,,,,,,,,,,
10898,https://creativecommons.org/publicdomain/mark/1.0,https://creativecommons.org/publicdomain/zero/1.0/,http://www.fine-arts-museum.be/collection/work/ID/10898,Zuidelijke Nederlanden,Huiskandelaar,gebruiksvoorwerp,"Hoogte : 25,5","metaal, brons",,,Zuidelijke Nederlanden,,,,,,,1401,1500
,https://creativecommons.org/publicdomain/mark/1.0,https://creativecommons.org/publicdomain/zero/1.0/,,,,,,,,,,,,,,,,,
10899,https://creativecommons.org/publicdomain/mark/1.0,https://creativecommons.org/publicdomain/zero/1.0/,http://www.fine-arts-museum.be/collection/work/ID/10899,Zuidelijke Nederlanden,Huiskandelaar,gebruiksvoorwerp,"Hoogte : 25,5","metaal, brons",,,Zuidelijke Nederlanden,,,,,,,1401,1500
,https://creativecommons.org/publicdomain/mark/1.0,https://creativecommons.org/publicdomain/zero/1.0/,,,,,,,,,,,,,,,,,
10900,https://creativecommons.org/publicdomain/mark/1.0,https://creativecommons.org/publicdomain/zero/1.0/,http://www.fine-arts-museum.be/collection/work/ID/10900,Zuidelijke Nederlanden?,Huiskandelaar,gebruiksvoorwerp,"Hoogte : 14,7","metaal, messing",,?,Zuidelijke Nederlanden,,,,,,,1401,1500
,https://creativecommons.org/publicdomain/mark/1.0,https://creativecommons.org/publicdomain/zero/1.0/,,,,,,,,,,,,,,,,,
10901,https://creativecommons.org/publicdomain/mark/1.0,https://creativecommons.org/publicdomain/zero/1.0/,http://www.fine-arts-museum.be/collection/work/ID/10901,Zuidelijke Nederlanden,Paar huiskandelaars,gebruiksvoorwerp,Hoogte : 21,"metaal, brons",,,Zuidelijke Nederlanden,,,,,,,1501,1600
,https://creativecommons.org/publicdomain/mark/1.0,https://creativecommons.org/publicdomain/zero/1.0/,,,,,,,,,,,,,,,,,
10906,https://creativecommons.org/publicdomain/mark/1.0,https://creativecommons.org/publicdomain/zero/1.0/,http://www.fine-arts-museum.be/collection/work/ID/10906,Duitsland?,Twee olielampen,gebruiksvoorwerp,"Hoogte : 61,5 en 65,5","metaal, brons",,?,Duitsland,,,,,,,1501,1600
,https://creativecommons.org/publicdomain/mark/1.0,https://creativecommons.org/publicdomain/zero/1.0/,,,,,,,,,,,,,,,,,
10928,https://creativecommons.org/publicdomain/mark/1.0,https://creativecommons.org/publicdomain/zero/1.0/,http://www.fine-arts-museum.be/collection/work/ID/10928,Annaberg,Kruik,steengoed,Hoogte : 15 ,"glazuur, steengoed",,,,,,,,,,,
,https://creativecommons.org/publicdomain/mark/1.0,https://creativecommons.org/publicdomain/zero/1.0/,,,,keramiek,,,,,,,,,,,,,
,https://creativecommons.org/publicdomain/mark/1.0,https://creativecommons.org/publicdomain/zero/1.0/,,,,gebruiksvoorwerp,,,,,,,,,,,,,
10929,https://creativecommons.org/publicdomain/mark/1.0,https://creativecommons.org/publicdomain/zero/1.0/,http://www.fine-arts-museum.be/collection/work/ID/10929,Annaberg,Pul,gebruiksvoorwerp,"Hoogte : 15,7","metaal, tin, glazuur, steengoed",,,Annaberg,,,,1630,1670,,1630,1670
,https://creativecommons.org/publicdomain/mark/1.0,https://creativecommons.org/publicdomain/zero/1.0/,,,,steengoed,,,,,,,,,,,,,
,https://creativecommons.org/publicdomain/mark/1.0,https://creativecommons.org/publicdomain/zero/1.0/,,,,keramiek,,,,,,,,,,,,,
10930,https://creativecommons.org/publicdomain/mark/1.0,https://creativecommons.org/publicdomain/zero/1.0/,http://www.fine-arts-museum.be/collection/work/ID/10930,Annaberg,Kruik,gebruiksvoorwerp,"Hoogte : 20,5","metaal, tin, glazuur, steengoed",,,,,,,,,,,
,https://creativecommons.org/publicdomain/mark/1.0,https://creativecommons.org/publicdomain/zero/1.0/,,,,steengoed,,,,,,,,,,,,,
,https://creativecommons.org/publicdomain/mark/1.0,https://creativecommons.org/publicdomain/zero/1.0/,,,,keramiek,,,,,,,,,,,,,
10931,https://creativecommons.org/publicdomain/mark/1.0,https://creativecommons.org/publicdomain/zero/1.0/,http://www.fine-arts-museum.be/collection/work/ID/10931,Annaberg,Kruik,gebruiksvoorwerp,"Hoogte : 27,5","metaal, tin, glazuur, steengoed",,,Annaberg,,,,1630,1670,,1630,1670
,https://creativecommons.org/publicdomain/mark/1.0,https://creativecommons.org/publicdomain/zero/1.0/,,,,steengoed,,,,,,,,,,,,,
,https://creativecommons.org/publicdomain/mark/1.0,https://creativecommons.org/publicdomain/zero/1.0/,,,,keramiek,,,,,,,,,,,,,
10932,https://creativecommons.org/publicdomain/mark/1.0,https://creativecommons.org/publicdomain/zero/1.0/,http://www.fine-arts-museum.be/collection/work/ID/10932,Annaberg,Pul,gebruiksvoorwerp,"Hoogte : 17,4","metaal, tin, glazuur, steengoed",,,Annaberg,,,,,,,1675,1685
,https://creativecommons.org/publicdomain/mark/1.0,https://creativecommons.org/publicdomain/zero/1.0/,,,,steengoed,,,,,,,,,,,,,
,https://creativecommons.org/publicdomain/mark/1.0,https://creativecommons.org/publicdomain/zero/1.0/,,,,keramiek,,,,,,,,,,,,,
10914,https://creativecommons.org/publicdomain/mark/1.0,https://creativecommons.org/publicdomain/zero/1.0/,http://www.fine-arts-museum.be/collection/work/ID/10914,Raeren,Kruik,gebruiksvoorwerp,"Hoogte : 24,5","metaal, zilver, verguldsel, glazuur, steengoed",,,,,,,,,,,
,https://creativecommons.org/publicdomain/mark/1.0,https://creativecommons.org/publicdomain/zero/1.0/,,,,steengoed,,,,,,,,,,,,,
,https://creativecommons.org/publicdomain/mark/1.0,https://creativecommons.org/publicdomain/zero/1.0/,,,,keramiek,,,,,,,,,,,,,
10910,https://creativecommons.org/publicdomain/mark/1.0,https://creativecommons.org/publicdomain/zero/1.0/,http://www.fine-arts-museum.be/collection/work/ID/10910,Raeren,Kruik,gebruiksvoorwerp,"Hoogte : 31,5","metaal, tin, glazuur, steengoed",,,,,,,,,,,
,https://creativecommons.org/publicdomain/mark/1.0,https://creativecommons.org/publicdomain/zero/1.0/,,,,steengoed,,,,,,,,,,,,,
,https://creativecommons.org/publicdomain/mark/1.0,https://creativecommons.org/publicdomain/zero/1.0/,,,,keramiek,,,,,,,,,,,,,
10911,https://creativecommons.org/publicdomain/mark/1.0,https://creativecommons.org/publicdomain/zero/1.0/,http://www.fine-arts-museum.be/collection/work/ID/10911,Raeren,"Kruik, genaamd ""boerendanskruik""",gebruiksvoorwerp,"Hoogte : 28,2","metaal, tin, glazuur, steengoed",,,,,,,,,,,
,https://creativecommons.org/publicdomain/mark/1.0,https://creativecommons.org/publicdomain/zero/1.0/,,,,steengoed,,,,,,,,,,,,,
,https://creativecommons.org/publicdomain/mark/1.0,https://creativecommons.org/publicdomain/zero/1.0/,,,,keramiek,,,,,,,,,,,,,
10912,https://creativecommons.org/publicdomain/mark/1.0,https://creativecommons.org/publicdomain/zero/1.0/,http://www.fine-arts-museum.be/collection/work/ID/10912,Raeren,Kruik,gebruiksvoorwerp,"Hoogte : 25,1","steengoed, metaal, tin, glazuur",,,,,,,,,,,
,https://creativecommons.org/publicdomain/mark/1.0,https://creativecommons.org/publicdomain/zero/1.0/,,,,steengoed,,,,,,,,,,,,,
,https://creativecommons.org/publicdomain/mark/1.0,https://creativecommons.org/publicdomain/zero/1.0/,,,,keramiek,,,,,,,,,,,,,
10913,https://creativecommons.org/publicdomain/mark/1.0,https://creativecommons.org/publicdomain/zero/1.0/,http://www.fine-arts-museum.be/collection/work/ID/10913,Raeren,"Kruik, genaamd ""boerendanskruik""",gebruiksvoorwerp,"Hoogte : 26,7","metaal, tin, glazuur, steengoed",,,Raeren,,,,,,,1581,1600
,https://creativecommons.org/publicdomain/mark/1.0,https://creativecommons.org/publicdomain/zero/1.0/,,,,steengoed,,,,,,,,,,,,,
,https://creativecommons.org/publicdomain/mark/1.0,https://creativecommons.org/publicdomain/zero/1.0/,,,,keramiek,,,,,,,,,,,,,
10907,https://creativecommons.org/publicdomain/mark/1.0,https://creativecommons.org/publicdomain/zero/1.0/,http://www.fine-arts-museum.be/collection/work/ID/10907,Siegburg,Kruik,gebruiksvoorwerp,"Hoogte : 19,8","metaal, tin, steengoed",,,,,,,,,,,
,https://creativecommons.org/publicdomain/mark/1.0,https://creativecommons.org/publicdomain/zero/1.0/,,,,steengoed,,,,,,,,,,,,,
,https://creativecommons.org/publicdomain/mark/1.0,https://creativecommons.org/publicdomain/zero/1.0/,,,,keramiek,,,,,,,,,,,,,
10908,https://creativecommons.org/publicdomain/mark/1.0,https://creativecommons.org/publicdomain/zero/1.0/,http://www.fine-arts-museum.be/collection/work/ID/10908,Siegburg,Kruikje,gebruiksvoorwerp,"Hoogte : 15,2","metaal, tin, steengoed",,,Siegburg,,,,,,,1581,1600
,https://creativecommons.org/publicdomain/mark/1.0,https://creativecommons.org/publicdomain/zero/1.0/,,,,steengoed,,,,,,,,,,,,,
,https://creativecommons.org/publicdomain/mark/1.0,https://creativecommons.org/publicdomain/zero/1.0/,,,,keramiek,,,,,,,,,,,,,
11463,https://creativecommons.org/publicdomain/mark/1.0,https://creativecommons.org/publicdomain/zero/1.0/,http://www.fine-arts-museum.be/collection/work/ID/11463,Joannes Cardon,Maria met Kind,groep,"31 x 20,4 x 17,5",aarde,,,Cardon,,,Johannes,1614,ca. 1656,,1643,1643
,https://creativecommons.org/publicdomain/mark/1.0,https://creativecommons.org/publicdomain/zero/1.0/,,,,figurine,,,,,,,,Johannes,,,,,
12095,https://creativecommons.org/publicdomain/mark/1.0,https://creativecommons.org/publicdomain/zero/1.0/,http://www.fine-arts-museum.be/collection/work/ID/12095,"Zuid-Nederlandse school, Doornik",Beelden van een calvariegroep : De heilige Maagd ,,,,,,,,,,,,,,
7854,https://creativecommons.org/publicdomain/mark/1.0,https://creativecommons.org/publicdomain/zero/1.0/,http://www.fine-arts-museum.be/collection/work/ID/7854,Zuid-Nederlandse school?,De heilige Martinus te paard,groep,132 x 100 x 50,"hout, hout (eik), verguldsel, verf",,?,Zuid-Nederlandse school,,,,,,,1515,1525
,https://creativecommons.org/publicdomain/mark/1.0,https://creativecommons.org/publicdomain/zero/1.0/,,,,,,,,,,,,,,,,,
1529,https://creativecommons.org/publicdomain/mark/1.0,https://creativecommons.org/publicdomain/zero/1.0/,http://www.fine-arts-museum.be/collection/work/ID/1529,Artus Quellinus de Oude,Louis de Benavidès,buste,Hoogte : 98,gips,,,Quellinus,,,Artus I,1609,1668,,1618,1668
,https://creativecommons.org/publicdomain/mark/1.0,https://creativecommons.org/publicdomain/zero/1.0/,,,,,,,,,,,,Artus I,,,,,
2265,https://creativecommons.org/publicdomain/mark/1.0,https://creativecommons.org/publicdomain/zero/1.0/,http://www.fine-arts-museum.be/collection/work/ID/2265,Artus Quellinus I (naar),Samson en Dalila,groep,"23,4 x 25,2 x 21,5","aardewerk (faience), gips",,naar,Quellinus,,,Artus I,1609,1668,,1629,1668
,https://creativecommons.org/publicdomain/mark/1.0,https://creativecommons.org/publicdomain/zero/1.0/,,,,,,,,,,,,Artus I,,,,,
8033,https://creativecommons.org/publicdomain/mark/1.0,https://creativecommons.org/publicdomain/zero/1.0/,http://www.fine-arts-museum.be/collection/work/ID/8033,Franse school,De heilige Catharina,standbeeld,"83,6 x 33,7 x 22,4",steen (kalksteen),,,Franse school,,,,,,,1401,1500
,https://creativecommons.org/publicdomain/mark/1.0,https://creativecommons.org/publicdomain/zero/1.0/,,,,,,,,,,,,,,,,,
2455,https://creativecommons.org/publicdomain/mark/1.0,https://creativecommons.org/publicdomain/zero/1.0/,http://www.fine-arts-museum.be/collection/work/ID/2455,Meester van het Retabel van Rieden,Het huwelijk van de heilige Maagd,groep,39 x 27,"hout, hout (notenhout), verf, verguldsel",,,Meester van het Retabel van Rieden,,,,,,,1430,1470
,https://creativecommons.org/publicdomain/mark/1.0,https://creativecommons.org/publicdomain/zero/1.0/,,,,retabel (deel van),,,,,,,,,,,,,
7548,https://creativecommons.org/publicdomain/mark/1.0,https://creativecommons.org/publicdomain/zero/1.0/,http://www.fine-arts-museum.be/collection/work/ID/7548,Zuid-Nederlandse school,Esther en Ahasveros,glasraam,Diam. 22,"glas, verf",,vroeger toegeschreven aan,Zuid-Nederlandse school,Vellert,Vellert,Dirick Jacobsz.,1480 - 1485,1547,,1542,1542
,https://creativecommons.org/publicdomain/mark/1.0,https://creativecommons.org/publicdomain/zero/1.0/,,,,,,,,,,,,Dirick Jacobsz.,,,,,
7549,https://creativecommons.org/publicdomain/mark/1.0,https://creativecommons.org/publicdomain/zero/1.0/,http://www.fine-arts-museum.be/collection/work/ID/7549,Hugo van der Goes (naar een navolger van),Abraham verstoot Hagar en Ismaël,glasraam,Diam. 52,"glas, verf",,navolger van (naar een),van der Goes,,,Hugo,ca. 1430,1482 / 1483,,1490,1500
,https://creativecommons.org/publicdomain/mark/1.0,https://creativecommons.org/publicdomain/zero/1.0/,,,,,,,,,,,,Hugo,,,,,
473,https://creativecommons.org/publicdomain/mark/1.0,https://creativecommons.org/publicdomain/zero/1.0/,http://www.fine-arts-museum.be/collection/work/ID/473,"Zuid-Nederlandse school, Mechelen",De graflegging,haut-reliëf,41 x 38 (paneel) ,,,,"Zuid-Nederlandse school, Mechelen",,,,,,,,
474,https://creativecommons.org/publicdomain/mark/1.0,https://creativecommons.org/publicdomain/zero/1.0/,http://www.fine-arts-museum.be/collection/work/ID/474,"Zuid-Nederlandse school, Mechelen?",De Calvarieberg,haut-reliëf,"57,5 x 43",albast,,?,"Zuid-Nederlandse school, Mechelen",,,,,,,1551,1600
,https://creativecommons.org/publicdomain/mark/1.0,https://creativecommons.org/publicdomain/zero/1.0/,,,,,,,,,,,,,,,,,
475,https://creativecommons.org/publicdomain/mark/1.0,https://creativecommons.org/publicdomain/zero/1.0/,http://www.fine-arts-museum.be/collection/work/ID/475,"Zuid-Nederlandse school, Mechelen",De nederdaling van de Heilige Geest,bas-reliëf,"27,5 x 33,5",albast,,,"Zuid-Nederlandse school, Mechelen",,,,,,,1570,1570
476,https://creativecommons.org/publicdomain/mark/1.0,https://creativecommons.org/publicdomain/zero/1.0/,http://www.fine-arts-museum.be/collection/work/ID/476,"Zuid-Nederlandse school, Mechelen",De aanbidding der herders,bas-reliëf,"15 x 11,5",albast,,,"Zuid-Nederlandse school, Mechelen",,,,,,,1590,1610
477,https://creativecommons.org/publicdomain/mark/1.0,https://creativecommons.org/publicdomain/zero/1.0/,http://www.fine-arts-museum.be/collection/work/ID/477,"Zuid-Nederlandse school, Mechelen",Christus op de Olijfberg,bas-reliëf,"17 x 12,5",albast,,,"Zuid-Nederlandse school, Mechelen",,,,,,,1601,1620
2422,https://creativecommons.org/publicdomain/mark/1.0,https://creativecommons.org/publicdomain/zero/1.0/,http://www.fine-arts-museum.be/collection/work/ID/2422,Artus II Quellinus,Engel met kelk,ontwerp,"58,9 x 27,4 x 10,3",aarde,,,Quellinus,,,Artus II,1625,1700,,1672,1673
,https://creativecommons.org/publicdomain/mark/1.0,https://creativecommons.org/publicdomain/zero/1.0/,,,,haut-reliëf,,,,,,,,Artus II,,,,,
2457,https://creativecommons.org/publicdomain/mark/1.0,https://creativecommons.org/publicdomain/zero/1.0/,http://www.fine-arts-museum.be/collection/work/ID/2457,Guillielmus Kerricx,Jacobus de Meerdere,ontwerp,"58,4 x 23,3 x 17,8",aarde,,,Kerricx,,,Willem,1652,1719,,1692,1697
,https://creativecommons.org/publicdomain/mark/1.0,https://creativecommons.org/publicdomain/zero/1.0/,,,,statuette,,,,,,,,Willem,,,,,
8770,https://creativecommons.org/publicdomain/mark/1.0,https://creativecommons.org/publicdomain/zero/1.0/,http://www.fine-arts-museum.be/collection/work/ID/8770,Maaslandse school,Gekruisigde Christus,beeldhouwwerk,165 x 30 x 26,"hout, hout (eik)",,vroeger toegeschreven aan,Maaslandse school,"School der oude noordelijke Nederlanden, Opper-Gelderland","Ecole des anciens Pays-Bas septentrionaux, Haute Gueldre",,,,,1500,1515
,https://creativecommons.org/publicdomain/mark/1.0,https://creativecommons.org/publicdomain/zero/1.0/,,,,,,,,,,,,,,,,,
,https://creativecommons.org/publicdomain/mark/1.0,https://creativecommons.org/publicdomain/zero/1.0/,,,,,,,,,,,,,,,,,
8773,https://creativecommons.org/publicdomain/mark/1.0,https://creativecommons.org/publicdomain/zero/1.0/,http://www.fine-arts-museum.be/collection/work/ID/8773,Meester van de Calvarie van Waha (toegeschreven aan),Christus op de koude steen,beeldhouwwerk,"80 x 32,5 x 20","hout, verf",,toegeschreven aan,Meester van de Calvarie van Waha,School der oude zuidelijke Nederlanden,Ecole des anciens Pays-Bas méridionaux,,,,,1520,1540
,https://creativecommons.org/publicdomain/mark/1.0,https://creativecommons.org/publicdomain/zero/1.0/,,,,,,,,vroeger toegeschreven aan,,,,,,,,,
,https://creativecommons.org/publicdomain/mark/1.0,https://creativecommons.org/publicdomain/zero/1.0/,,,,,,,,,,,,,,,,,
8774,https://creativecommons.org/publicdomain/mark/1.0,https://creativecommons.org/publicdomain/zero/1.0/,http://www.fine-arts-museum.be/collection/work/ID/8774,"Zuid-Nederlandse school, Antwerpen",Retabel van de kruisiging,retabel,"154 x 95,5 x 21,5","hout, hout (eik), verf, verguldsel",,,"Zuid-Nederlandse school, Antwerpen",,,,,,,1510,1520
,https://creativecommons.org/publicdomain/mark/1.0,https://creativecommons.org/publicdomain/zero/1.0/,,,,,,,,,,,,,,,,,
,https://creativecommons.org/publicdomain/mark/1.0,https://creativecommons.org/publicdomain/zero/1.0/,,,,,,,,,,,,,,,,,
8775,https://creativecommons.org/publicdomain/mark/1.0,https://creativecommons.org/publicdomain/zero/1.0/,http://www.fine-arts-museum.be/collection/work/ID/8775,"Zuid-Nederlandse school, Antwerpen",Retabelfragment : Hoofdman en hogepriester,retabel (deel van),"38,5 x 23,5 x 6,5","hout, verguldsel, verf",,,"Zuid-Nederlandse school, Antwerpen",,,,,,,1510,1530
,https://creativecommons.org/publicdomain/mark/1.0,https://creativecommons.org/publicdomain/zero/1.0/,,,,,,,,,,,,,,,,,
,https://creativecommons.org/publicdomain/mark/1.0,https://creativecommons.org/publicdomain/zero/1.0/,,,,,,,,,,,,,,,,,
8776,https://creativecommons.org/publicdomain/mark/1.0,https://creativecommons.org/publicdomain/zero/1.0/,http://www.fine-arts-museum.be/collection/work/ID/8776,"Zuid-Nederlandse school, Brabant?",Retabelfragment. De kruisdraging,retabel (deel van),"36,5 x 32,5 x 8,5","hout, hout (eik), hout (notenhout), verguldsel, verf",,?,"Zuid-Nederlandse school, Brabant",Brabantse school,Ecole brabançonne,,,,,1520,1530
,https://creativecommons.org/publicdomain/mark/1.0,https://creativecommons.org/publicdomain/zero/1.0/,,,,,,,,vroeger toegeschreven aan,,,,,,,,,
,https://creativecommons.org/publicdomain/mark/1.0,https://creativecommons.org/publicdomain/zero/1.0/,,,,,,,,,,,,,,,,,
8784,https://creativecommons.org/publicdomain/mark/1.0,https://creativecommons.org/publicdomain/zero/1.0/,http://www.fine-arts-museum.be/collection/work/ID/8784,Franse school?,Heilige Jozef van een Nativiteit,standbeeld,"98 x 34 x 25,5","hout, verf",,?,Franse school,,,,,,,1490,1510
,https://creativecommons.org/publicdomain/mark/1.0,https://creativecommons.org/publicdomain/zero/1.0/,,,,,,,,,,,,,,,,,
,https://creativecommons.org/publicdomain/mark/1.0,https://creativecommons.org/publicdomain/zero/1.0/,,,,,,,,,,,,,,,,,
8785,https://creativecommons.org/publicdomain/mark/1.0,https://creativecommons.org/publicdomain/zero/1.0/,http://www.fine-arts-museum.be/collection/work/ID/8785,"Franse school, Languedoc?","De heilige Antonius, heremiet",groep,77 x 30 x 26,"steen (kalksteen), verf",,?,"Franse school, Languedoc",,,,,,,1501,1520
,https://creativecommons.org/publicdomain/mark/1.0,https://creativecommons.org/publicdomain/zero/1.0/,,,,,,,,,,,,,,,,,
,https://creativecommons.org/publicdomain/mark/1.0,https://creativecommons.org/publicdomain/zero/1.0/,,,,,,,,,,,,,,,,,
8788,https://creativecommons.org/publicdomain/mark/1.0,https://creativecommons.org/publicdomain/zero/1.0/,http://www.fine-arts-museum.be/collection/work/ID/8788,Franse school?,De heilige Martinus,groep,91 x 58 x 21,"hout, verf",,?,Franse school,,,,,,,1501,1525
,https://creativecommons.org/publicdomain/mark/1.0,https://creativecommons.org/publicdomain/zero/1.0/,,,,,,,,,,,,,,,,,
8789,https://creativecommons.org/publicdomain/mark/1.0,https://creativecommons.org/publicdomain/zero/1.0/,http://www.fine-arts-museum.be/collection/work/ID/8789,"Franse school, Bretagne?","De heilige Antonius, heremiet",statuette,"71,2 x 30,2 x 23,6",steen,,?,"Franse school, Bretagne","Franse school, Languedoc","Ecole française, Languedoc",,,,,1440,1460
,https://creativecommons.org/publicdomain/mark/1.0,https://creativecommons.org/publicdomain/zero/1.0/,,,,,,,,vroeger toegeschreven aan,,,,,,,,,
,https://creativecommons.org/publicdomain/mark/1.0,https://creativecommons.org/publicdomain/zero/1.0/,,,,,,,,,,,,,,,,,
8790,https://creativecommons.org/publicdomain/mark/1.0,https://creativecommons.org/publicdomain/zero/1.0/,http://www.fine-arts-museum.be/collection/work/ID/8790,Noord-Italiaanse school?,Tronende Maria met Kind,groep,60 x 31 x 64,marmer,,?,Noord-Italiaanse school,Noord-Italiaanse school,Ecole du nord de l'Italie,,,,,1440,1460
,https://creativecommons.org/publicdomain/mark/1.0,https://creativecommons.org/publicdomain/zero/1.0/,,,,,,,,vroeger toegeschreven aan,,,,,,,,,
8771,https://creativecommons.org/publicdomain/mark/1.0,https://creativecommons.org/publicdomain/zero/1.0/,http://www.fine-arts-museum.be/collection/work/ID/8771,School der oude Nederlanden?,De heilige Margaretha,statuette,"45 x 14,5 x 8","hout, verf",,?,School der oude Nederlanden,,,,,,,1520,1530
,https://creativecommons.org/publicdomain/mark/1.0,https://creativecommons.org/publicdomain/zero/1.0/,,,,,,,,,,,,,,,,,
,https://creativecommons.org/publicdomain/mark/1.0,https://creativecommons.org/publicdomain/zero/1.0/,,,,,,,,,,,,,,,,,
8772,https://creativecommons.org/publicdomain/mark/1.0,https://creativecommons.org/publicdomain/zero/1.0/,http://www.fine-arts-museum.be/collection/work/ID/8772,Zuid-Nederlandse school,Retabelfragment : Piëta,retabel (deel van),"23,5 x 16,5 x 4","hout, verf",,,Zuid-Nederlandse school,,,,,,,1501,1600
,https://creativecommons.org/publicdomain/mark/1.0,https://creativecommons.org/publicdomain/zero/1.0/,,,,,,,,,,,,,,,,,
,https://creativecommons.org/publicdomain/mark/1.0,https://creativecommons.org/publicdomain/zero/1.0/,,,,,,,,,,,,,,,,,
8777,https://creativecommons.org/publicdomain/mark/1.0,https://creativecommons.org/publicdomain/zero/1.0/,http://www.fine-arts-museum.be/collection/work/ID/8777,"Zuid-Nederlandse school, Mechelen",Maria met Kind,groep,"35 x 12 x 8,5","hout, verf, verguldsel",,,"Zuid-Nederlandse school, Mechelen",,,,,,,1520,1530
,https://creativecommons.org/publicdomain/mark/1.0,https://creativecommons.org/publicdomain/zero/1.0/,,,,,,,,,,,,,,,,,
,https://creativecommons.org/publicdomain/mark/1.0,https://creativecommons.org/publicdomain/zero/1.0/,,,,,,,,,,,,,,,,,
8778,https://creativecommons.org/publicdomain/mark/1.0,https://creativecommons.org/publicdomain/zero/1.0/,http://www.fine-arts-museum.be/collection/work/ID/8778,"Zuid-Nederlandse school, Mechelen",Vrouwelijke heilige met een boek,groep,"31 x 12 x 6,5","hout, verf",,,"Zuid-Nederlandse school, Mechelen",,,,,,,1520,1530
,https://creativecommons.org/publicdomain/mark/1.0,https://creativecommons.org/publicdomain/zero/1.0/,,,,,,,,,,,,,,,,,
,https://creativecommons.org/publicdomain/mark/1.0,https://creativecommons.org/publicdomain/zero/1.0/,,,,,,,,,,,,,,,,,
8779,https://creativecommons.org/publicdomain/mark/1.0,https://creativecommons.org/publicdomain/zero/1.0/,http://www.fine-arts-museum.be/collection/work/ID/8779,"Zuid-Nederlandse school, Mechelen",Het Laatste Avondmaal,reliëf,"12,2 x 14,2",albast,,,"Zuid-Nederlandse school, Mechelen",,,,,,,1501,1600
,https://creativecommons.org/publicdomain/mark/1.0,https://creativecommons.org/publicdomain/zero/1.0/,,,,,,,,,,,,,,,,,
,https://creativecommons.org/publicdomain/mark/1.0,https://creativecommons.org/publicdomain/zero/1.0/,,,,,,,,,,,,,,,,,
8780,https://creativecommons.org/publicdomain/mark/1.0,https://creativecommons.org/publicdomain/zero/1.0/,http://www.fine-arts-museum.be/collection/work/ID/8780,"Zuid-Nederlandse school, Mechelen",De Calvarieberg,reliëf,"13 x 10 x 2,5",albast,,,"Zuid-Nederlandse school, Mechelen",,,,,,,1501,1600
,https://creativecommons.org/publicdomain/mark/1.0,https://creativecommons.org/publicdomain/zero/1.0/,,,,,,,,,,,,,,,,,
,https://creativecommons.org/publicdomain/mark/1.0,https://creativecommons.org/publicdomain/zero/1.0/,,,,,,,,,,,,,,,,,
8792,https://creativecommons.org/publicdomain/mark/1.0,https://creativecommons.org/publicdomain/zero/1.0/,http://www.fine-arts-museum.be/collection/work/ID/8792,Zuid-Nederlandse school?,Sint-Jan op Patmos,statuette,50 x 40 x 10,"hout, verf",,?,Zuid-Nederlandse school,Berruguete,Berruguete,Alonso,1551,1600,,1551,1600
,https://creativecommons.org/publicdomain/mark/1.0,https://creativecommons.org/publicdomain/zero/1.0/,,,,,,,,"vroeger toegeschreven aan, (omgeving van)",,,,Alonso,ca. 1486,1561,,,
,https://creativecommons.org/publicdomain/mark/1.0,https://creativecommons.org/publicdomain/zero/1.0/,,,,,,,,,,,,,,,,,
8795,https://creativecommons.org/publicdomain/mark/1.0,https://creativecommons.org/publicdomain/zero/1.0/,http://www.fine-arts-museum.be/collection/work/ID/8795,Franco-Vlaams,Maria Lactans,groep,"89,5 x 52 x 26,5","steen (kalksteen), verf",,vroeger toegeschreven aan,Frans-Vlaamse school,Centraal-Europese school,Ecole d'Europe centrale,,,,,1420,1430
,https://creativecommons.org/publicdomain/mark/1.0,https://creativecommons.org/publicdomain/zero/1.0/,,,,,,,,,,,,,,,,,
,https://creativecommons.org/publicdomain/mark/1.0,https://creativecommons.org/publicdomain/zero/1.0/,,,,,,,,,,,,,,,,,
8796,https://creativecommons.org/publicdomain/mark/1.0,https://creativecommons.org/publicdomain/zero/1.0/,http://www.fine-arts-museum.be/collection/work/ID/8796,Centraal-Europa?,Christuskop,kop,"35,5 x 28 x 27,5","hout, verf",,?,Centraal-Europese school,,,,,,,1501,1520
,https://creativecommons.org/publicdomain/mark/1.0,https://creativecommons.org/publicdomain/zero/1.0/,,,,,,,,,,,,,,,,,
8801,https://creativecommons.org/publicdomain/mark/1.0,https://creativecommons.org/publicdomain/zero/1.0/,http://www.fine-arts-museum.be/collection/work/ID/8801,"Zuid-Duitsland, Nürnberg",IJzeren koffertje,siervoorwerp,"14,4 x 3,9 x 9,5","metaal, ijzer, ets",,,"Zuid-Duitsland, Nürnberg",,,,,,,1595,1605
,https://creativecommons.org/publicdomain/mark/1.0,https://creativecommons.org/publicdomain/zero/1.0/,,,,,,,,,,,,,,,,,
,https://creativecommons.org/publicdomain/mark/1.0,https://creativecommons.org/publicdomain/zero/1.0/,,,,,,,,,,,,,,,,,
8802,https://creativecommons.org/publicdomain/mark/1.0,https://creativecommons.org/publicdomain/zero/1.0/,http://www.fine-arts-museum.be/collection/work/ID/8802,Aymond Voes,Bierpul,gebruiksvoorwerp,"13,3 x diam. 14","serpentijn, metaal, zilver",,,,,,,,,,,
,https://creativecommons.org/publicdomain/mark/1.0,https://creativecommons.org/publicdomain/zero/1.0/,,,,zilverwerk,,,,,,,,,,,,,
10915,https://creativecommons.org/publicdomain/mark/1.0,https://creativecommons.org/publicdomain/zero/1.0/,http://www.fine-arts-museum.be/collection/work/ID/10915,Westerwald,Pelgrimsveldfles,gebruiksvoorwerp,"Hoogte : 35,7","metaal, tin, glazuur, steengoed",,,Westerwald,,,,,,,1601,1620
,https://creativecommons.org/publicdomain/mark/1.0,https://creativecommons.org/publicdomain/zero/1.0/,,,,steengoed,,,,,,,,,,,,,
,https://creativecommons.org/publicdomain/mark/1.0,https://creativecommons.org/publicdomain/zero/1.0/,,,,keramiek,,,,,,,,,,,,,
10916,https://creativecommons.org/publicdomain/mark/1.0,https://creativecommons.org/publicdomain/zero/1.0/,http://www.fine-arts-museum.be/collection/work/ID/10916,Westerwald,Pul,gebruiksvoorwerp,Hoogte : 24,"steengoed, metaal, tin, glazuur",,,Westerwald,,,,,,,1630,1670
,https://creativecommons.org/publicdomain/mark/1.0,https://creativecommons.org/publicdomain/zero/1.0/,,,,steengoed,,,,,,,,,,,,,
,https://creativecommons.org/publicdomain/mark/1.0,https://creativecommons.org/publicdomain/zero/1.0/,,,,keramiek,,,,,,,,,,,,,
2487,https://creativecommons.org/publicdomain/mark/1.0,https://creativecommons.org/publicdomain/zero/1.0/,http://www.fine-arts-museum.be/collection/work/ID/2487,Andries de Nole,Sint-Jozef,ontwerp,"Hoogte : 44,5",stuc,,vroeger toegeschreven aan,de Nole,de Nole,de Nole,Andries,1598,1638,"Marguerite Devigne schreef het ontwerp toe aan Robert Colyns de Nole, neef van de kunstenaar (Vlaamsche beeldhouwwerken en maquetten uit de XVIIe en XVIIIe eeuw, in: Kunst. Maandblad voor oude en jongere beeldende kunst, 4, 1933, pp. 121-122)",1635,1638
,https://creativecommons.org/publicdomain/mark/1.0,https://creativecommons.org/publicdomain/zero/1.0/,,,,statuette,,,,,,,,Andries,,1636,"Marguerite Devigne attribua ce modèle au Robert Colyns de Nole, neveu de l'artiste (Vlaamsche beeldhouwwerken en maquetten uit de XVIIe en XVIIIe eeuw, in: Kunst. Maandblad voor oude en jongere beeldende kunst, 4, 1933, pp. 121-122)",,
,https://creativecommons.org/publicdomain/mark/1.0,https://creativecommons.org/publicdomain/zero/1.0/,,,,,,,,,,,,Robrecht,,,,,
,https://creativecommons.org/publicdomain/mark/1.0,https://creativecommons.org/publicdomain/zero/1.0/,,,,,,,,,,,,Robrecht,,,,,
6367,https://creativecommons.org/publicdomain/mark/1.0,https://creativecommons.org/publicdomain/zero/1.0/,http://www.fine-arts-museum.be/collection/work/ID/6367,Lucas Faydherbe (toegeschreven aan),Johannes de evangelist,statuette,"34,5 x 20,6 x 9,8",aarde,,toegeschreven aan,Faydherbe,Lemoyne,Lemoyne,Lucas,1617,1697,,1670,1680
,https://creativecommons.org/publicdomain/mark/1.0,https://creativecommons.org/publicdomain/zero/1.0/,,,,,,,,vroeger toegeschreven aan,,,,Lucas,1665,1755,,,
,https://creativecommons.org/publicdomain/mark/1.0,https://creativecommons.org/publicdomain/zero/1.0/,,,,,,,,,,,,Jean-Louis,,,,,
,https://creativecommons.org/publicdomain/mark/1.0,https://creativecommons.org/publicdomain/zero/1.0/,,,,,,,,,,,,Jean-Louis,,,,,
459,https://creativecommons.org/publicdomain/mark/1.0,https://creativecommons.org/publicdomain/zero/1.0/,http://www.fine-arts-museum.be/collection/work/ID/459,Gabriel Grupello,Wandfontein met zeegoden,groep,Groep met Neptunus en Thetis : 120 x 123 x 104 ,,,,,,,,,,,,
2464,https://creativecommons.org/publicdomain/mark/1.0,https://creativecommons.org/publicdomain/zero/1.0/,http://www.fine-arts-museum.be/collection/work/ID/2464,Mattheus van Beveren,De engelenpoort van Tienen,ontwerp,"56 x 21,5 (voor elke vleugel) ",,,,,,,,,,,,
12171,https://creativecommons.org/publicdomain/mark/1.0,https://creativecommons.org/publicdomain/zero/1.0/,http://www.fine-arts-museum.be/collection/work/ID/12171,Zuid-Nederlandse school,Het huwelijk van de heilige Maagd,groep,"35,3 x 28,5 x 11",hout,,,"Zuid-Nederlandse school, Brussel",,,,,,,1435,1455
,https://creativecommons.org/publicdomain/mark/1.0,https://creativecommons.org/publicdomain/zero/1.0/,,,,,,,,,,,,,,,,,
